title,link
Robert Kraft wants Tom Brady to sign one-day contract to retire with Patriots: 'I'd do it tomorrow' - Yahoo Sports,https://news.google.com/rss/articles/CBMihwFodHRwczovL3Nwb3J0cy55YWhvby5jb20vcm9iZXJ0LWtyYWZ0LXdhbnRzLXRvbS1icmFkeS10by1zaWduLW9uZS1kYXktY29udHJhY3QtdG8tcmV0aXJlLXdpdGgtcGF0cmlvdHMtaWQtZG8taXQtdG9tb3Jyb3ctMTYzMTU4ODY2Lmh0bWzSAY8BaHR0cHM6Ly9zcG9ydHMueWFob28uY29tL2FtcGh0bWwvcm9iZXJ0LWtyYWZ0LXdhbnRzLXRvbS1icmFkeS10by1zaWduLW9uZS1kYXktY29udHJhY3QtdG8tcmV0aXJlLXdpdGgtcGF0cmlvdHMtaWQtZG8taXQtdG9tb3Jyb3ctMTYzMTU4ODY2Lmh0bWw?oc=5
Tom Brady shares rare pic with ex Bridget Moynahan and their son after retirement news - Yahoo! Voices,https://news.google.com/rss/articles/CBMiQmh0dHBzOi8vd3d3LnlhaG9vLmNvbS9ub3cvdG9tLWJyYWR5LXNoYXJlcy1yYXJlLXBpYy0xNTQ4NDEyODUuaHRtbNIBR2h0dHBzOi8vbmV3cy55YWhvby5jb20vYW1waHRtbC90b20tYnJhZHktc2hhcmVzLXJhcmUtcGljLTE1NDg0MTI4NS5odG1s?oc=5
Sports world reacts to Tom Brady's retirement - ESPN,https://news.google.com/rss/articles/CBMiVWh0dHBzOi8vd3d3LmVzcG4uY29tL25mbC9zdG9yeS9fL2lkLzM1NTY5MjEzL3Nwb3J0cy13b3JsZC1yZWFjdHMtdG9tLWJyYWR5LXJldGlyZW1lbnTSAWJodHRwczovL3d3dy5lc3BuLmNvbS9uZmwvc3RvcnkvXy9pZC8zNTU2OTIxMy9zcG9ydHMtd29ybGQtcmVhY3RzLXRvbS1icmFkeS1yZXRpcmVtZW50P3BsYXRmb3JtPWFtcA?oc=5
Gisele Bündchen Responds to Tom Brady Retirement 2023 After Divorce - STYLECASTER,https://news.google.com/rss/articles/CBMiOWh0dHBzOi8vc3R5bGVjYXN0ZXIuY29tL2dpc2VsZS1idW5kY2hlbi10b20tYnJhZHktcmV0aXJlL9IBAA?oc=5
Gisele Bündchen comments on Tom Brady's retirement announcement: 'Wishing you only wonderful things' - Yahoo Entertainment,https://news.google.com/rss/articles/CBMiaGh0dHBzOi8vd3d3LnlhaG9vLmNvbS9lbnRlcnRhaW5tZW50L2dpc2VsZS1idW5kY2hlbi1yZWFjdHMtdG9tLWJyYWR5LXJldGlyZW1lbnQtaW5zdGFncmFtLTE2NTUxOTU5MS5odG1s0gFwaHR0cHM6Ly93d3cueWFob28uY29tL2FtcGh0bWwvZW50ZXJ0YWlubWVudC9naXNlbGUtYnVuZGNoZW4tcmVhY3RzLXRvbS1icmFkeS1yZXRpcmVtZW50LWluc3RhZ3JhbS0xNjU1MTk1OTEuaHRtbA?oc=5
Tom Brady's Reportedly ‘Traumatizing’ Divorce From Gisele Bündchen May Have Influenced His Decision to Retire - Yahoo Life,https://news.google.com/rss/articles/CBMiWWh0dHBzOi8vd3d3LnlhaG9vLmNvbS9saWZlc3R5bGUvdG9tLWJyYWR5cy1yZXBvcnRlZGx5LXRyYXVtYXRpemluZy1kaXZvcmNlLTE1MzYzMDc0My5odG1s0gFhaHR0cHM6Ly93d3cueWFob28uY29tL2FtcGh0bWwvbGlmZXN0eWxlL3RvbS1icmFkeXMtcmVwb3J0ZWRseS10cmF1bWF0aXppbmctZGl2b3JjZS0xNTM2MzA3NDMuaHRtbA?oc=5
Tom Brady Quietly Volunteered At A Tampa Animal Shelter Throughout Football Season - Southern Living,https://news.google.com/rss/articles/CBMiRWh0dHBzOi8vd3d3LnNvdXRoZXJubGl2aW5nLmNvbS90b20tYnJhZHktdGFtcGEtYW5pbWFsLXNoZWx0ZXItNzEwNDk4MtIBAA?oc=5
Tom Brady Volunteered at an Animal Shelter During Final NFL Season - PEOPLE,https://news.google.com/rss/articles/CBMiW2h0dHBzOi8vcGVvcGxlLmNvbS9zcG9ydHMvdG9tLWJyYWR5LXF1aWV0bHktdm9sdW50ZWVyZWQtYXQtYW4tYW5pbWFsLXNoZWx0ZXItZHVyaW5nLXNlYXNvbi_SAQA?oc=5
"Tom Brady quietly volunteered with his children at a Tampa Bay animal shelter last season: ""A great Dad and a true animal lover"" - CBS News",https://news.google.com/rss/articles/CBMiWWh0dHBzOi8vd3d3LmNic25ld3MuY29tL25ld3MvdG9tLWJyYWR5LWFuaW1hbC1zaGVsdGVyLXZvbHVudGVlci1odW1hbmUtc29jaWV0eS10YW1wYS1iYXkv0gFdaHR0cHM6Ly93d3cuY2JzbmV3cy5jb20vYW1wL25ld3MvdG9tLWJyYWR5LWFuaW1hbC1zaGVsdGVyLXZvbHVudGVlci1odW1hbmUtc29jaWV0eS10YW1wYS1iYXkv?oc=5
"Tom Brady always stood alone, even in his retirement choice - ESPN",https://news.google.com/rss/articles/CBMicmh0dHBzOi8vd3d3LmVzcG4uY29tL25mbC9pbnNpZGVyL3N0b3J5L18vaWQvMzU1NjkyNDMvdG9tLWJyYWR5LTIwMjMtcmV0aXJlbWVudC1uZmwtd2FzLXNvbGl0YXJ5LWNob2ljZS1xdWFydGVyYmFja9IBhwFodHRwczovL3d3dy5lc3BuLmNvbS9uZmwvaW5zaWRlci9pbnNpZGVyL3N0b3J5L18vaWQvMzU1NjkyNDMvdG9tLWJyYWR5LTIwMjMtcmV0aXJlbWVudC1uZmwtd2FzLXNvbGl0YXJ5LWNob2ljZS1xdWFydGVyYmFjaz9wbGF0Zm9ybT1hbXA?oc=5
Tom Brady to Dolphins rumors heat up again: 'Definitely on the table' - New York Post ,https://news.google.com/rss/articles/CBMiU2h0dHBzOi8vbnlwb3N0LmNvbS8yMDIzLzAxLzEyL3RvbS1icmFkeS10by1kb2xwaGlucy1ydW1vcnMtZGVmaW5pdGVseS1vbi10aGUtdGFibGUv0gFXaHR0cHM6Ly9ueXBvc3QuY29tLzIwMjMvMDEvMTIvdG9tLWJyYWR5LXRvLWRvbHBoaW5zLXJ1bW9ycy1kZWZpbml0ZWx5LW9uLXRoZS10YWJsZS9hbXAv?oc=5
Tom Brady and Gisele Bundchen's FTX stake will probably get wiped out - CNN,https://news.google.com/rss/articles/CBMiWmh0dHBzOi8vd3d3LmNubi5jb20vMjAyMy8wMS8xMC9idXNpbmVzcy90b20tYnJhZHktZ2lzZWxlLWJ1bmRjaGVuLWZ0eC1pbnZlc3RvcnMvaW5kZXguaHRtbNIBAA?oc=5
"Shaun Alexander on Nick Saban, facing Tom Brady & why Alabama doesn’t retire numbers - AL.com",https://news.google.com/rss/articles/CBMigAFodHRwczovL3d3dy5hbC5jb20vYWxhYmFtYWZvb3RiYWxsLzIwMjMvMDIvc2hhdW4tYWxleGFuZGVyLW9uLW5pY2stc2FiYW4tZmFjaW5nLXRvbS1icmFkeS13aHktYWxhYmFtYS1kb2VzbnQtcmV0aXJlLW51bWJlcnMuaHRtbNIBjwFodHRwczovL3d3dy5hbC5jb20vYWxhYmFtYWZvb3RiYWxsLzIwMjMvMDIvc2hhdW4tYWxleGFuZGVyLW9uLW5pY2stc2FiYW4tZmFjaW5nLXRvbS1icmFkeS13aHktYWxhYmFtYS1kb2VzbnQtcmV0aXJlLW51bWJlcnMuaHRtbD9vdXRwdXRUeXBlPWFtcA?oc=5
Tom Brady Shaded by New England Patriots After Retirement - STYLECASTER,https://news.google.com/rss/articles/CBMiK2h0dHBzOi8vc3R5bGVjYXN0ZXIuY29tL3RvbS1icmFkeS1wYXRyaW90cy_SAQA?oc=5
How Will the Tampa Bay Buccaneers Replace Tom Brady? - The New York Times,https://news.google.com/rss/articles/CBMiUGh0dHBzOi8vd3d3Lm55dGltZXMuY29tLzIwMjMvMDIvMDIvc3BvcnRzL2Zvb3RiYWxsL3RvbS1icmFkeS1yZXRpcmVtZW50LWZveC5odG1s0gFUaHR0cHM6Ly93d3cubnl0aW1lcy5jb20vMjAyMy8wMi8wMi9zcG9ydHMvZm9vdGJhbGwvdG9tLWJyYWR5LXJldGlyZW1lbnQtZm94LmFtcC5odG1s?oc=5
"Patriots will push for Tom Brady to sign one-day deal, Robert Kraft ... - The Washington Post",https://news.google.com/rss/articles/CBMiUWh0dHBzOi8vd3d3Lndhc2hpbmd0b25wb3N0LmNvbS9zcG9ydHMvMjAyMy8wMi8wMi90b20tYnJhZHktcGF0cmlvdHMtcm9iZXJ0LWtyYWZ0L9IBAA?oc=5
Robert Kraft wants Tom Brady to retire with the Patriots - CNBC,https://news.google.com/rss/articles/CBMiT2h0dHBzOi8vd3d3LmNuYmMuY29tLzIwMjMvMDIvMDIvcm9iZXJ0LWtyYWZ0LXRvbS1icmFkeS1wYXRyaW90cy1yZXRpcmVtZW50Lmh0bWzSAVNodHRwczovL3d3dy5jbmJjLmNvbS9hbXAvMjAyMy8wMi8wMi9yb2JlcnQta3JhZnQtdG9tLWJyYWR5LXBhdHJpb3RzLXJldGlyZW1lbnQuaHRtbA?oc=5
Will a new Tom Brady movie score a touchdown for older audiences? - Los Angeles Times,https://news.google.com/rss/articles/CBMirgFodHRwczovL3d3dy5sYXRpbWVzLmNvbS9lbnRlcnRhaW5tZW50LWFydHMvYnVzaW5lc3Mvc3RvcnkvMjAyMy0wMi0wMi90b20tYnJhZHktODAtZm9yLWJyYWR5LXdtZS1maWZ0aC1zZWFzb24tcGFyYW1vdW50LXBpY3R1cmVzLWphbmUtZm9uZGEtbGlseS10b21saW4tcml0YS1tb3Jlbm8tc2FsbHktZmllbGTSAQA?oc=5
Sally Field Says Tom Brady Was 'Nervous' on 80 For Brady Set: 'But He Was a Natural' - Yahoo Entertainment,https://news.google.com/rss/articles/CBMiTWh0dHBzOi8vd3d3LnlhaG9vLmNvbS9lbnRlcnRhaW5tZW50L3NhbGx5LWZpZWxkLXNheXMtdG9tLWJyYWR5LTEzMDAwMDUwMC5odG1s0gFVaHR0cHM6Ly93d3cueWFob28uY29tL2FtcGh0bWwvZW50ZXJ0YWlubWVudC9zYWxseS1maWVsZC1zYXlzLXRvbS1icmFkeS0xMzAwMDA1MDAuaHRtbA?oc=5
Tom Brady Says Watching 80 For Brady with His Kids Was the 'Best ... - PEOPLE,https://news.google.com/rss/articles/CBMiaGh0dHBzOi8vcGVvcGxlLmNvbS9wYXJlbnRzL3RvbS1icmFkeS1yZWNhbGxzLXdhdGNoaW5nLTgwLWZvci1icmFkeS13aXRoLWhpcy1raWRzLWF0LXJlZC1jYXJwZXQtcHJlbWllcmUv0gEA?oc=5
Hear Robert Kraft's parting words for Tom Brady - CNN,https://news.google.com/rss/articles/CBMibmh0dHBzOi8vd3d3LmNubi5jb20vdmlkZW9zL3Nwb3J0cy8yMDIzLzAyLzAyL3BhdHJpb3RzLXJvYmVydC1rcmFmdC10b20tYnJhZHktbmZsLXJldGlyZW1lbnQtaW50di1jbm50bS12cHguY25u0gFyaHR0cHM6Ly9hbXAuY25uLmNvbS9jbm4vdmlkZW9zL3Nwb3J0cy8yMDIzLzAyLzAyL3BhdHJpb3RzLXJvYmVydC1rcmFmdC10b20tYnJhZHktbmZsLXJldGlyZW1lbnQtaW50di1jbm50bS12cHguY25u?oc=5
Chiefs QB Patrick Mahomes gives his reason for why Tom Brady was so great - Yahoo Sports,https://news.google.com/rss/articles/CBMiR2h0dHBzOi8vc3BvcnRzLnlhaG9vLmNvbS9jaGllZnMtcWItcGF0cmljay1tYWhvbWVzLWdpdmVzLTIxMDE1NzEyNi5odG1s0gFPaHR0cHM6Ly9zcG9ydHMueWFob28uY29tL2FtcGh0bWwvY2hpZWZzLXFiLXBhdHJpY2stbWFob21lcy1naXZlcy0yMTAxNTcxMjYuaHRtbA?oc=5
Will Tom Brady re-sign with the Buccaneers for cap purposes? - NBC Sports,https://news.google.com/rss/articles/CBMibWh0dHBzOi8vcHJvZm9vdGJhbGx0YWxrLm5iY3Nwb3J0cy5jb20vMjAyMy8wMi8wMi93aWxsLXRvbS1icmFkeS1yZS1zaWduLXdpdGgtdGhlLWJ1Y2NhbmVlcnMtZm9yLWNhcC1wdXJwb3Nlcy_SAXFodHRwczovL3Byb2Zvb3RiYWxsdGFsay5uYmNzcG9ydHMuY29tLzIwMjMvMDIvMDIvd2lsbC10b20tYnJhZHktcmUtc2lnbi13aXRoLXRoZS1idWNjYW5lZXJzLWZvci1jYXAtcHVycG9zZXMvYW1wLw?oc=5
How Gisele Bündchen Reportedly Feels About Tom Brady’s NFL Retirement - NESN,https://news.google.com/rss/articles/CBMiV2h0dHBzOi8vbmVzbi5jb20vMjAyMy8wMi9ob3ctZ2lzZWxlLWJ1bmRjaGVuLXJlcG9ydGVkbHktZmVlbHMtdG9tLWJyYWR5LW5mbC1yZXRpcmVtZW50L9IBW2h0dHBzOi8vbmVzbi5jb20vMjAyMy8wMi9ob3ctZ2lzZWxlLWJ1bmRjaGVuLXJlcG9ydGVkbHktZmVlbHMtdG9tLWJyYWR5LW5mbC1yZXRpcmVtZW50L2FtcC8?oc=5
Tom Brady says no timetable for decision after Bucs eliminated - ESPN,https://news.google.com/rss/articles/CBMiXWh0dHBzOi8vd3d3LmVzcG4uY29tL25mbC9zdG9yeS9fL2lkLzM1NDY0MjI4L3RvbS1icmFkeS1zYXlzLW5vLXRhYmxlLWRlY2lzaW9uLWJ1Y3MtZWxpbWluYXRlZNIBamh0dHBzOi8vd3d3LmVzcG4uY29tL25mbC9zdG9yeS9fL2lkLzM1NDY0MjI4L3RvbS1icmFkeS1zYXlzLW5vLXRhYmxlLWRlY2lzaW9uLWJ1Y3MtZWxpbWluYXRlZD9wbGF0Zm9ybT1hbXA?oc=5
Will Raiders pivot from Tom Brady to Aaron Rodgers? - NBC Sports,https://news.google.com/rss/articles/CBMiZGh0dHBzOi8vcHJvZm9vdGJhbGx0YWxrLm5iY3Nwb3J0cy5jb20vMjAyMy8wMi8wMi93aWxsLXJhaWRlcnMtcGl2b3QtZnJvbS10b20tYnJhZHktdG8tYWFyb24tcm9kZ2Vycy_SAWhodHRwczovL3Byb2Zvb3RiYWxsdGFsay5uYmNzcG9ydHMuY29tLzIwMjMvMDIvMDIvd2lsbC1yYWlkZXJzLXBpdm90LWZyb20tdG9tLWJyYWR5LXRvLWFhcm9uLXJvZGdlcnMvYW1wLw?oc=5
"Tom Brady Diet, What Does He Eat? TB12 Method Food List, Meal ... - STYLECASTER",https://news.google.com/rss/articles/CBMiJ2h0dHBzOi8vc3R5bGVjYXN0ZXIuY29tL3RvbS1icmFkeS1kaWV0L9IBAA?oc=5
Tom Brady Takes Daughter Vivian to Horseback Riding Lessons After Announcing Retirement - Yahoo Entertainment,https://news.google.com/rss/articles/CBMiUmh0dHBzOi8vd3d3LnlhaG9vLmNvbS9lbnRlcnRhaW5tZW50L3RvbS1icmFkeS10YWtlcy1kYXVnaHRlci12aXZpYW4tMjA1NTQ4MjI2Lmh0bWzSAVpodHRwczovL3d3dy55YWhvby5jb20vYW1waHRtbC9lbnRlcnRhaW5tZW50L3RvbS1icmFkeS10YWtlcy1kYXVnaHRlci12aXZpYW4tMjA1NTQ4MjI2Lmh0bWw?oc=5
"Mike Francesa says Tom Brady not best regular season, Super Bowl QB: 'Played the longest' - New York Post ",https://news.google.com/rss/articles/CBMiZWh0dHBzOi8vbnlwb3N0LmNvbS8yMDIzLzAyLzAxL21pa2UtZnJhbmNlc2EtdG9tLWJyYWR5LW5vdC1iZXN0LXJlZ3VsYXItc2Vhc29uLXN1cGVyLWJvd2wtcXVhcnRlcmJhY2sv0gFpaHR0cHM6Ly9ueXBvc3QuY29tLzIwMjMvMDIvMDEvbWlrZS1mcmFuY2VzYS10b20tYnJhZHktbm90LWJlc3QtcmVndWxhci1zZWFzb24tc3VwZXItYm93bC1xdWFydGVyYmFjay9hbXAv?oc=5
Cowboys Trounce Buccaneers to Send Home Tom Brady - The New York Times,https://news.google.com/rss/articles/CBMiWmh0dHBzOi8vd3d3Lm55dGltZXMuY29tLzIwMjMvMDEvMTYvc3BvcnRzL2Zvb3RiYWxsL2Nvd2JveXMtYnVjY2FuZWVycy1zY29yZS10b20tYnJhZHkuaHRtbNIBXmh0dHBzOi8vd3d3Lm55dGltZXMuY29tLzIwMjMvMDEvMTYvc3BvcnRzL2Zvb3RiYWxsL2Nvd2JveXMtYnVjY2FuZWVycy1zY29yZS10b20tYnJhZHkuYW1wLmh0bWw?oc=5
Tom Brady confessed the NFL's worst-kept secret about holding - USA TODAY,https://news.google.com/rss/articles/CBMiemh0dHBzOi8vd3d3LnVzYXRvZGF5LmNvbS9zdG9yeS9zcG9ydHMvZnR3LzIwMjMvMDEvMzAvdG9tLWJyYWR5LWNvbmZlc3NlZC10aGUtbmZscy13b3JzdGtlcHQtc2VjcmV0LWFib3V0LWhvbGRpbmcvNTEyNDAyNjMv0gEA?oc=5
"Tom Brady gets away with a dirty move, for now - NBC Sports",https://news.google.com/rss/articles/CBMiX2h0dHBzOi8vcHJvZm9vdGJhbGx0YWxrLm5iY3Nwb3J0cy5jb20vMjAyMy8wMS8xNy90b20tYnJhZHktZ2V0cy1hd2F5LXdpdGgtYS1kaXJ0eS1tb3ZlLWZvci1ub3cv0gFjaHR0cHM6Ly9wcm9mb290YmFsbHRhbGsubmJjc3BvcnRzLmNvbS8yMDIzLzAxLzE3L3RvbS1icmFkeS1nZXRzLWF3YXktd2l0aC1hLWRpcnR5LW1vdmUtZm9yLW5vdy9hbXAv?oc=5
"Tom Brady, drafted by Montreal Expos, 'could've been one of the greatest catchers ever' - Yahoo Sports",https://news.google.com/rss/articles/CBMiQmh0dHBzOi8vc3BvcnRzLnlhaG9vLmNvbS90b20tYnJhZHktZ29hdC1uZmwtY291bGR2ZS0yMTI1MzA3MzEuaHRtbNIBSmh0dHBzOi8vc3BvcnRzLnlhaG9vLmNvbS9hbXBodG1sL3RvbS1icmFkeS1nb2F0LW5mbC1jb3VsZHZlLTIxMjUzMDczMS5odG1s?oc=5
Tom Brady shocked former Patriots teammate Rob Ninkovich with angry text - New York Post ,https://news.google.com/rss/articles/CBMiXmh0dHBzOi8vbnlwb3N0LmNvbS8yMDIzLzAxLzI3L3RvbS1icmFkeS1zZW50LXNhbHR5LXRleHQtdG8tZXgtcGF0cmlvdHMtdGVhbW1hdGUtcm9iLW5pbmtvdmljaC_SAWJodHRwczovL255cG9zdC5jb20vMjAyMy8wMS8yNy90b20tYnJhZHktc2VudC1zYWx0eS10ZXh0LXRvLWV4LXBhdHJpb3RzLXRlYW1tYXRlLXJvYi1uaW5rb3ZpY2gvYW1wLw?oc=5
What's next for Tom Brady? Four teams he could join if he leaves ... - The Washington Post,https://news.google.com/rss/articles/CBMiUmh0dHBzOi8vd3d3Lndhc2hpbmd0b25wb3N0LmNvbS9zcG9ydHMvMjAyMy8wMS8xOS90b20tYnJhZHktbmZsLXRlYW0tcG9zc2liaWxpdGllcy_SAQA?oc=5
Buccaneers' Tom Brady breaks his own season completions record - ESPN,https://news.google.com/rss/articles/CBMiZmh0dHBzOi8vd3d3LmVzcG4uY29tL25mbC9zdG9yeS9fL2lkLzM1NDA2ODI4L2J1Y2NhbmVlcnMtdG9tLWJyYWR5LWJyZWFrcy1vd24tc2Vhc29uLWNvbXBsZXRpb25zLXJlY29yZNIBc2h0dHBzOi8vd3d3LmVzcG4uY29tL25mbC9zdG9yeS9fL2lkLzM1NDA2ODI4L2J1Y2NhbmVlcnMtdG9tLWJyYWR5LWJyZWFrcy1vd24tc2Vhc29uLWNvbXBsZXRpb25zLXJlY29yZD9wbGF0Zm9ybT1hbXA?oc=5
"NFL Executive Predicts Tom Brady’s Next Team, Blockbuster Trade - NESN",https://news.google.com/rss/articles/CBMiV2h0dHBzOi8vbmVzbi5jb20vMjAyMy8wMS9uZmwtZXhlY3V0aXZlLXByZWRpY3RzLXRvbS1icmFkeXMtbmV4dC10ZWFtLWJsb2NrYnVzdGVyLXRyYWRlL9IBW2h0dHBzOi8vbmVzbi5jb20vMjAyMy8wMS9uZmwtZXhlY3V0aXZlLXByZWRpY3RzLXRvbS1icmFkeXMtbmV4dC10ZWFtLWJsb2NrYnVzdGVyLXRyYWRlL2FtcC8?oc=5
The Real Reason So Many Fans Love Tom Brady - Parade Magazine,https://news.google.com/rss/articles/CBMiLWh0dHBzOi8vcGFyYWRlLmNvbS9jZWxlYnJpdGllcy90b20tYnJhZHktZmFuc9IBMmh0dHBzOi8vcGFyYWRlLmNvbS8uYW1wL2NlbGVicml0aWVzL3RvbS1icmFkeS1mYW5z?oc=5
Making the case for Tom Brady to rejoin New England Patriots - CBS Boston,https://news.google.com/rss/articles/CBMiWmh0dHBzOi8vd3d3LmNic25ld3MuY29tL2Jvc3Rvbi9uZXdzL3RvbS1icmFkeS1yZWpvaW4tbmV3LWVuZ2xhbmQtcGF0cmlvdHMtbWFraW5nLXRoZS1jYXNlL9IBXmh0dHBzOi8vd3d3LmNic25ld3MuY29tL2FtcC9ib3N0b24vbmV3cy90b20tYnJhZHktcmVqb2luLW5ldy1lbmdsYW5kLXBhdHJpb3RzLW1ha2luZy10aGUtY2FzZS8?oc=5
Julian Edelman already has new sport in mind for Tom Brady - Yahoo Sports,https://news.google.com/rss/articles/CBMiSWh0dHBzOi8vc3BvcnRzLnlhaG9vLmNvbS9qdWxpYW4tZWRlbG1hbi1hbHJlYWR5LXNwb3J0LW1pbmQtMTc1OTE2NzE2Lmh0bWzSAVFodHRwczovL3Nwb3J0cy55YWhvby5jb20vYW1waHRtbC9qdWxpYW4tZWRlbG1hbi1hbHJlYWR5LXNwb3J0LW1pbmQtMTc1OTE2NzE2Lmh0bWw?oc=5
Tom Brady or Greg Olsen? Fox has a future decision to make on its No. 1 analyst - Yahoo Sports,https://news.google.com/rss/articles/CBMidWh0dHBzOi8vc3BvcnRzLnlhaG9vLmNvbS90b20tYnJhZHktb3ItZ3JlZy1vbHNlbi1mb3gtaGFzLWEtZnV0dXJlLWRlY2lzaW9uLXRvLW1ha2Utb24taXRzLW5vLTEtYW5hbHlzdC0xNzEzMDU3MTcuaHRtbNIBfWh0dHBzOi8vc3BvcnRzLnlhaG9vLmNvbS9hbXBodG1sL3RvbS1icmFkeS1vci1ncmVnLW9sc2VuLWZveC1oYXMtYS1mdXR1cmUtZGVjaXNpb24tdG8tbWFrZS1vbi1pdHMtbm8tMS1hbmFseXN0LTE3MTMwNTcxNy5odG1s?oc=5
"Tom Brady's Parents Kiss Granddaughter Vivian, 10, in Rare Photo - PEOPLE",https://news.google.com/rss/articles/CBMia2h0dHBzOi8vcGVvcGxlLmNvbS9wYXJlbnRzL3RvbS1icmFkeS1yYXJlLXBob3RvLXBhcmVudHMta2lzc2luZy1ncmFuZGRhdWdodGVyLXZpdmlhbi1hZnRlci1yZXRpcmVtZW50LW5ld3Mv0gEA?oc=5
Tom Brady Was Reportedly Only Considering 1 Team Next Year - The Spun,https://news.google.com/rss/articles/CBMiX2h0dHBzOi8vdGhlc3B1bi5jb20vbW9yZS90b3Atc3Rvcmllcy90b20tYnJhZHktd2FzLXJlcG9ydGVkbHktb25seS1jb25zaWRlcmluZy0xLXRlYW0tbmV4dC15ZWFy0gFkaHR0cHM6Ly90aGVzcHVuLmNvbS8uYW1wL21vcmUvdG9wLXN0b3JpZXMvdG9tLWJyYWR5LXdhcy1yZXBvcnRlZGx5LW9ubHktY29uc2lkZXJpbmctMS10ZWFtLW5leHQteWVhcg?oc=5
NFL Rumors: These three teams will pursue Tom Brady in free agency - Yahoo Sports,https://news.google.com/rss/articles/CBMiRWh0dHBzOi8vc3BvcnRzLnlhaG9vLmNvbS9uZmwtcnVtb3JzLXRocmVlLXRlYW1zLXB1cnN1ZS0xODA3MDA3NzYuaHRtbNIBTWh0dHBzOi8vc3BvcnRzLnlhaG9vLmNvbS9hbXBodG1sL25mbC1ydW1vcnMtdGhyZWUtdGVhbXMtcHVyc3VlLTE4MDcwMDc3Ni5odG1s?oc=5
"Tom Brady's the G.O.A.T. of G.O.A.T.s, Andy Reid's Super man and Sean Payton's the Broncos' savior - NFL.com",https://news.google.com/rss/articles/CBMiaWh0dHBzOi8vd3d3Lm5mbC5jb20vbmV3cy90b20tYnJhZHktcy10aGUtZy1vLWEtdC1vZi1nLW8tYS10LXMtYW5keS1yZWlkLXMtc3VwZXItbWFuLWFuZC1zZWFuLXBheXRvbi1zLXRoZdIBaWh0dHBzOi8vd3d3Lm5mbC5jb20vX2FtcC90b20tYnJhZHktcy10aGUtZy1vLWEtdC1vZi1nLW8tYS10LXMtYW5keS1yZWlkLXMtc3VwZXItbWFuLWFuZC1zZWFuLXBheXRvbi1zLXRoZQ?oc=5
AFC team reportedly preparing to make run at Tom Brady - Larry Brown Sports,https://news.google.com/rss/articles/CBMiVGh0dHBzOi8vbGFycnlicm93bnNwb3J0cy5jb20vZm9vdGJhbGwvcmFpZGVycy1wcmVwYXJpbmctdG8tbWFrZS1ydW4tdG9tLWJyYWR5LzYwOTkwONIBWGh0dHBzOi8vbGFycnlicm93bnNwb3J0cy5jb20vZm9vdGJhbGwvcmFpZGVycy1wcmVwYXJpbmctdG8tbWFrZS1ydW4tdG9tLWJyYWR5LzYwOTkwOD9hbXA?oc=5
Sit this one out? Not Tom Brady. 'I'm ready to play.' - Tampa Bay Times,https://news.google.com/rss/articles/CBMiXWh0dHBzOi8vd3d3LnRhbXBhYmF5LmNvbS9zcG9ydHMvYnVjcy8yMDIzLzAxLzA1L3NpdC10aGlzLW9uZS1vdXQtbm90LXRvbS1icmFkeS1pbS1yZWFkeS1wbGF5L9IBbGh0dHBzOi8vd3d3LnRhbXBhYmF5LmNvbS9zcG9ydHMvYnVjcy8yMDIzLzAxLzA1L3NpdC10aGlzLW9uZS1vdXQtbm90LXRvbS1icmFkeS1pbS1yZWFkeS1wbGF5Lz9vdXRwdXRUeXBlPWFtcA?oc=5
Single Tom Brady seeks to tie married Tom Brady with four Super Bowl titles - Marca English,https://news.google.com/rss/articles/CBMiUGh0dHBzOi8vd3d3Lm1hcmNhLmNvbS9lbi9uZmwvc3VwZXItYm93bC8yMDIzLzAxLzEwLzYzYmNlNzJmZTI3MDRlZWM3NzhiNDU5Yi5odG1s0gFQaHR0cHM6Ly9hbXAubWFyY2EuY29tL2VuL25mbC9zdXBlci1ib3dsLzIwMjMvMDEvMTAvNjNiY2U3MmZlMjcwNGVlYzc3OGI0NTliLmh0bWw?oc=5
"Will the fourth time be a charm for 49ers, Tom Brady? - NBC Sports",https://news.google.com/rss/articles/CBMiZWh0dHBzOi8vcHJvZm9vdGJhbGx0YWxrLm5iY3Nwb3J0cy5jb20vMjAyMy8wMS8xNC93aWxsLXRoZS1mb3VydGgtdGltZS1iZS1hLWNoYXJtLWZvci00OWVycy10b20tYnJhZHkv0gFpaHR0cHM6Ly9wcm9mb290YmFsbHRhbGsubmJjc3BvcnRzLmNvbS8yMDIzLzAxLzE0L3dpbGwtdGhlLWZvdXJ0aC10aW1lLWJlLWEtY2hhcm0tZm9yLTQ5ZXJzLXRvbS1icmFkeS9hbXAv?oc=5
Rob Gronkowski Says He Would 'Be Surprised' if Tom Brady ... - PEOPLE,https://news.google.com/rss/articles/CBMiYGh0dHBzOi8vcGVvcGxlLmNvbS9zcG9ydHMvcm9iLWdyb25rb3dza2ktc2F5cy1oZWQtYmUtc3VycHJpc2VkLWlmLXRvbS1icmFkeS1yZXR1cm5zLXRvLXBhdHJpb3RzL9IBAA?oc=5
Can Tom Brady and the Buccaneers win another Super Bowl? Here’s what the current Vegas odds say. - Boston.com,https://news.google.com/rss/articles/CBMiaGh0dHBzOi8vd3d3LmJvc3Rvbi5jb20vc3BvcnRzL25ldy1lbmdsYW5kLXBhdHJpb3RzLzIwMjMvMDEvMTAvdG9tLWJyYWR5LWJ1Y2NhbmVlcnMtc3VwZXItYm93bC1vZGRzLTIwMjMv0gFuaHR0cHM6Ly93d3cuYm9zdG9uLmNvbS9zcG9ydHMvbmV3LWVuZ2xhbmQtcGF0cmlvdHMvMjAyMy8wMS8xMC90b20tYnJhZHktYnVjY2FuZWVycy1zdXBlci1ib3dsLW9kZHMtMjAyMy8_YW1wPTE?oc=5
Peyton and Eli Manning react to Tom Brady's retirement after 23 NFL ... - NFL.com,https://news.google.com/rss/articles/CBMiZmh0dHBzOi8vd3d3Lm5mbC5jb20vdmlkZW9zL3BleXRvbi1hbmQtZWxpLW1hbm5pbmctcmVhY3QtdG8tdG9tLWJyYWR5LXMtcmV0aXJlbWVudC1hZnRlci0yMy1uZmwtc2Vhc29uc9IBAA?oc=5
Tom Brady in Super Bowl LVII? Fox Sports could use QB on game telecast - Marca English,https://news.google.com/rss/articles/CBMiUGh0dHBzOi8vd3d3Lm1hcmNhLmNvbS9lbi9uZmwvc3VwZXItYm93bC8yMDIzLzAxLzIwLzYzYzljYWFmZTI3MDRlOGUyMDhiNDU4OC5odG1s0gFQaHR0cHM6Ly9hbXAubWFyY2EuY29tL2VuL25mbC9zdXBlci1ib3dsLzIwMjMvMDEvMjAvNjNjOWNhYWZlMjcwNGU4ZTIwOGI0NTg4Lmh0bWw?oc=5
"NFL stats and records, Week 18: Bucs' Tom Brady sets single ... - NFL.com",https://news.google.com/rss/articles/CBMiaWh0dHBzOi8vd3d3Lm5mbC5jb20vbmV3cy9uZmwtc3RhdHMtYW5kLXJlY29yZHMtd2Vlay0xOC1idWNzLXRvbS1icmFkeS1zZXRzLXNpbmdsZS1zZWFzb24tbWFyay1mb3ItYXR0ZW1wdNIBAA?oc=5
LOOK: Buccaneers' Logan Ryan trolls Tom Brady by asking him to ... - CBS Sports,https://news.google.com/rss/articles/CBMijQFodHRwczovL3d3dy5jYnNzcG9ydHMuY29tL25mbC9uZXdzL2xvb2stYnVjY2FuZWVycy1sb2dhbi1yeWFuLXRyb2xscy10b20tYnJhZHktYnktYXNraW5nLWhpbS10by1hdXRvZ3JhcGgtYmFsbC1mcm9tLWxhc3QtdGhyb3ctd2l0aC1wYXRyaW90cy_SAQA?oc=5
"Tom Brady: Bucs Will Have to ""Make a Play at the End"" - Buccaneers.com",https://news.google.com/rss/articles/CBMiWmh0dHBzOi8vd3d3LmJ1Y2NhbmVlcnMuY29tL25ld3MvdG9tLWJyYWR5LWJ1Y3Mtd2lsZC1jYXJkLXJvdW5kLW1hdGNodXAtZGFsbGFzLWNvd2JveXMtMjAyMtIBAA?oc=5
Buccaneers' Tom Brady's move ignites Gisele Bundchen rumors - ClutchPoints,https://news.google.com/rss/articles/CBMiV2h0dHBzOi8vY2x1dGNocG9pbnRzLmNvbS9idWNjYW5lZXJzLW5ld3MtdG9tLWJyYWR5cy1tb3ZlLWlnbml0ZXMtZ2lzZWxlLWJ1bmRjaGVuLXJ1bW9yc9IBXWh0dHBzOi8vY2x1dGNocG9pbnRzLmNvbS9idWNjYW5lZXJzLW5ld3MtdG9tLWJyYWR5cy1tb3ZlLWlnbml0ZXMtZ2lzZWxlLWJ1bmRjaGVuLXJ1bW9ycz9hbXA9MQ?oc=5
Rob Gronkowski Says Tom Brady Had 'No Clue' He Would Suggest ... - PEOPLE,https://news.google.com/rss/articles/CBMia2h0dHBzOi8vcGVvcGxlLmNvbS9zcG9ydHMvdG9tLWJyYWR5LWhhZC1uby1jbHVlLXJvYi1ncm9ua293c2tpLXdvdWxkLXN1Z2dlc3QtaGUtZGF0ZS1zYWxseS1maWVsZC1leGNsdXNpdmUv0gEA?oc=5
Is Tom Brady a fit with the Las Vegas Raiders? - FOX Sports,https://news.google.com/rss/articles/CBMiU2h0dHBzOi8vd3d3LmZveHNwb3J0cy5jb20vc3Rvcmllcy9uZmwvaXMtdG9tLWJyYWR5LWEtZml0LXdpdGgtdGhlLWxhcy12ZWdhcy1yYWlkZXJz0gFTaHR0cHM6Ly9hbXAuZm94c3BvcnRzLmNvbS9zdG9yaWVzL25mbC9pcy10b20tYnJhZHktYS1maXQtd2l0aC10aGUtbGFzLXZlZ2FzLXJhaWRlcnM?oc=5
"Why Buccaneers aren't resting Tom Brady, starters in meaningless ... - Sporting News",https://news.google.com/rss/articles/CBMid2h0dHBzOi8vd3d3LnNwb3J0aW5nbmV3cy5jb20vdXMvbmZsL25ld3MvYnVjY2FuZWVycy1yZXN0aW5nLXRvbS1icmFkeS1zdGFydGVycy13ZWVrLTE4LWZhbGNvbnMvdGJuY2NyemIzdnhvYnVnN2pxc2pueWtw0gF7aHR0cHM6Ly93d3cuc3BvcnRpbmduZXdzLmNvbS91cy9hbXAvbmZsL25ld3MvYnVjY2FuZWVycy1yZXN0aW5nLXRvbS1icmFkeS1zdGFydGVycy13ZWVrLTE4LWZhbGNvbnMvdGJuY2NyemIzdnhvYnVnN2pxc2pueWtw?oc=5
Rob Gronkowski Has a New Girlfriend in Mind for Tom Brady: 'We'll ... - PEOPLE,https://news.google.com/rss/articles/CBMiT2h0dHBzOi8vcGVvcGxlLmNvbS9zcG9ydHMvcm9iLWdyb25rb3dza2ktc3VnZ2VzdHMtbmV3LWdpcmxmcmllbmQtZm9yLXRvbS1icmFkeS_SAQA?oc=5
"Tom Brady records, MVPs, touchdowns, pass completions, Super Bowls, etc. - AS USA",https://news.google.com/rss/articles/CBMiW2h0dHBzOi8vZW4uYXMuY29tL25mbC90b20tYnJhZHktcmVjb3Jkcy1tdnBzLXRvdWNoZG93bnMtcGFzcy1jb21wbGV0aW9ucy1zdXBlci1ib3dscy1ldGMtbi_SAWpodHRwczovL2VuLmFzLmNvbS9uZmwvdG9tLWJyYWR5LXJlY29yZHMtbXZwcy10b3VjaGRvd25zLXBhc3MtY29tcGxldGlvbnMtc3VwZXItYm93bHMtZXRjLW4vP291dHB1dFR5cGU9YW1w?oc=5
Gisele Bündchen Seen Out Again with Jiu-Jitsu Pro Joaquim ... - PEOPLE,https://news.google.com/rss/articles/CBMiiwFodHRwczovL3Blb3BsZS5jb20vc3R5bGUvZ2lzZWxlLWJ1bmRjaGVuLXNlZW4tb3V0LWFnYWluLXdpdGgtaml1LWppdHN1LWluc3RydWN0b3Itam9hcXVpbS12YWxlbnRlLWFzLWV4LXRvbS1icmFkeS1vdXN0ZWQtZnJvbS1uZmwtcGxheW9mZnMv0gEA?oc=5
Tom Brady Shares Why He Doesn't Care About Son Jack Coming to ... - PEOPLE,https://news.google.com/rss/articles/CBMiVGh0dHBzOi8vcGVvcGxlLmNvbS9wYXJlbnRzL3RvbS1icmFkeS1kb2VzbnQtY2FyZS1hYm91dC1zb24tamFjay1jb21pbmctdG8taGlzLWdhbWVzL9IBAA?oc=5
"10 crazy NFL offseason predictions: Tom Brady jumps ship, Jim Harbaugh returns and Commanders get new owners - CBS Sports",https://news.google.com/rss/articles/CBMijgFodHRwczovL3d3dy5jYnNzcG9ydHMuY29tL25mbC9uZXdzLzEwLWNyYXp5LW5mbC1vZmZzZWFzb24tcHJlZGljdGlvbnMtdG9tLWJyYWR5LWp1bXBzLXNoaXAtamltLWhhcmJhdWdoLXJldHVybnMtYW5kLWNvbW1hbmRlcnMtZ2V0LW5ldy1vd25lcnMv0gGSAWh0dHBzOi8vd3d3LmNic3Nwb3J0cy5jb20vbmZsL25ld3MvMTAtY3JhenktbmZsLW9mZnNlYXNvbi1wcmVkaWN0aW9ucy10b20tYnJhZHktanVtcHMtc2hpcC1qaW0taGFyYmF1Z2gtcmV0dXJucy1hbmQtY29tbWFuZGVycy1nZXQtbmV3LW93bmVycy9hbXAv?oc=5
Raiders bringing in ex-Tom Brady Super Bowl teammate - Larry Brown Sports,https://news.google.com/rss/articles/CBMiY2h0dHBzOi8vbGFycnlicm93bnNwb3J0cy5jb20vZm9vdGJhbGwvcmFpZGVycy1leC10b20tYnJhZHktc3VwZXItYm93bC10ZWFtbWF0ZS10eWxlci1qb2huc29uLzYxMDY2MtIBZ2h0dHBzOi8vbGFycnlicm93bnNwb3J0cy5jb20vZm9vdGJhbGwvcmFpZGVycy1leC10b20tYnJhZHktc3VwZXItYm93bC10ZWFtbWF0ZS10eWxlci1qb2huc29uLzYxMDY2Mj9hbXA?oc=5
FACT CHECK: Is Tom Brady's New Girlfriend Jewish? - Washington Free Beacon,https://news.google.com/rss/articles/CBMiTmh0dHBzOi8vZnJlZWJlYWNvbi5jb20vY3VsdHVyZS9mYWN0LWNoZWNrLWlzLXRvbS1icmFkeXMtbmV3LWdpcmxmcmllbmQtamV3aXNoL9IBUmh0dHBzOi8vZnJlZWJlYWNvbi5jb20vY3VsdHVyZS9mYWN0LWNoZWNrLWlzLXRvbS1icmFkeXMtbmV3LWdpcmxmcmllbmQtamV3aXNoL2FtcC8?oc=5
What does an ideal team for Tom Brady look like moving forward? | You Pod to Win the Game - Yahoo Sports,https://news.google.com/rss/articles/CBMiQWh0dHBzOi8vc3BvcnRzLnlhaG9vLmNvbS9kb2VzLWlkZWFsLXRlYW0tdG9tLWJyYWR5LTIxMzkwMTk4Mi5odG1s0gFJaHR0cHM6Ly9zcG9ydHMueWFob28uY29tL2FtcGh0bWwvZG9lcy1pZGVhbC10ZWFtLXRvbS1icmFkeS0yMTM5MDE5ODIuaHRtbA?oc=5
Tom Brady Explains Why He Told His Kids He Wants Them to Fail ... - PEOPLE,https://news.google.com/rss/articles/CBMiWWh0dHBzOi8vcGVvcGxlLmNvbS9wYXJlbnRzL3RvbS1icmFkeS1leHBsYWlucy13aHktaGUtdG9sZC1oaXMta2lkcy1oZS13YW50cy10aGVtLXRvLWZhaWwv0gEA?oc=5
Tom Brady Says He Loves Daughter Vivian 'Infinity' as He Shares ... - PEOPLE,https://news.google.com/rss/articles/CBMiW2h0dHBzOi8vcGVvcGxlLmNvbS9wYXJlbnRzL3RvbS1icmFkeS1sb3Zlcy1kYXVnaHRlci12aXZpYW4taW5maW5pdHktcGhvdG8taG9yc2ViYWNrLXJpZGluZy_SAQA?oc=5
"Football World Reacts To Tom Brady, Gisele Update - The Spun",https://news.google.com/rss/articles/CBMiVWh0dHBzOi8vdGhlc3B1bi5jb20vbW9yZS90b3Atc3Rvcmllcy9mb290YmFsbC13b3JsZC1yZWFjdHMtdG8tdG9tLWJyYWR5LWdpc2VsZS11cGRhdGXSAVpodHRwczovL3RoZXNwdW4uY29tLy5hbXAvbW9yZS90b3Atc3Rvcmllcy9mb290YmFsbC13b3JsZC1yZWFjdHMtdG8tdG9tLWJyYWR5LWdpc2VsZS11cGRhdGU?oc=5
Tom Brady's perfect record vs. Cowboys: How the GOAT has owned ... - Sporting News,https://news.google.com/rss/articles/CBMiXWh0dHBzOi8vd3d3LnNwb3J0aW5nbmV3cy5jb20vdXMvbmZsL25ld3MvdG9tLWJyYWR5LXJlY29yZC12cy1jb3dib3lzL3p6OGdvYzFkeHBnaDVjMGx2eWtzMng2btIBYWh0dHBzOi8vd3d3LnNwb3J0aW5nbmV3cy5jb20vdXMvYW1wL25mbC9uZXdzL3RvbS1icmFkeS1yZWNvcmQtdnMtY293Ym95cy96ejhnb2MxZHhwZ2g1YzBsdnlrczJ4Nm4?oc=5
Tom Brady's Rumored Girlfriend Veronika Rajek's Latest 'Steamy ... - The Sportsrush,https://news.google.com/rss/articles/CBMipQFodHRwczovL3RoZXNwb3J0c3J1c2guY29tL25mbC1uZXdzLXRvbS1icmFkeS1ydW1vcmVkLWdpcmxmcmllbmQtdmVyb25pa2EtcmFqZWtzLWxhdGVzdC1zdGVhbXktaW5zdGFncmFtLXBvc3QtYWhlYWQtb2YtYnVjcy13aWxkY2FyZC1jbGFzaC1pcy1yYWlzaW5nLXRoZS10ZW1wZXJhdHVyZS_SAQA?oc=5
Tom Brady and Vivian Joined By David Beckham and Harper for ... - PEOPLE,https://news.google.com/rss/articles/CBMiXGh0dHBzOi8vcGVvcGxlLmNvbS9wYXJlbnRzL3RvbS1icmFkeS1kYXZpZC1iZWNraGFtLXZpdmlhbi1oYXJwZXItZGFkZHktZGF1Z2h0ZXItZGF0ZS1waG90b3Mv0gEA?oc=5
Gisele Bündchen Shares Wishes for 2023 Following Divorce from ... - PEOPLE,https://news.google.com/rss/articles/CBMiamh0dHBzOi8vcGVvcGxlLmNvbS9zdHlsZS9naXNlbGUtYnVuZGNoZW4tc2hhcmVkLXRyYW5xdWlsLXdpc2hlcy1mb3ItMjAyMy1mb2xsb3dpbmctZGl2b3JjZS1mcm9tLXRvbS1icmFkeS_SAQA?oc=5
Gisele Bündchen Returns to Modeling Post-Tom Brady Divorce for ... - PEOPLE,https://news.google.com/rss/articles/CBMiVmh0dHBzOi8vcGVvcGxlLmNvbS9zdHlsZS9naXNlbGUtYnVuZGNoZW4tc3RhcnMtaW4tbG91aXMtdnVpdHRvbi15YXlvaS1rdXNhbWEtY2FtcGFpZ24v0gEA?oc=5
Why Tom Brady's Net Worth Loss Due To The Cryptocurrency ... - TheThings,https://news.google.com/rss/articles/CBMiSGh0dHBzOi8vd3d3LnRoZXRoaW5ncy5jb20vdG9tLWJyYWR5LW5ldC13b3J0aC1jcnlwdG9jdXJyZW5jeS1tb25leS1sb3N0L9IBAA?oc=5
Tom Brady: 'I'm going to take my time' before deciding on retirement - CNN,https://news.google.com/rss/articles/CBMiWmh0dHBzOi8vd3d3LmNubi5jb20vMjAyMi8xMi8yNy9zcG9ydC90b20tYnJhZHktcmV0aXJlbWVudC1kZWNpc2lvbi1uZmwtc3B0LWludGwvaW5kZXguaHRtbNIBXmh0dHBzOi8vYW1wLmNubi5jb20vY25uLzIwMjIvMTIvMjcvc3BvcnQvdG9tLWJyYWR5LXJldGlyZW1lbnQtZGVjaXNpb24tbmZsLXNwdC1pbnRsL2luZGV4Lmh0bWw?oc=5
Fox 'Definitely' Wants Tom Brady For Super Bowl 57 Coverage - Front Office Sports,https://news.google.com/rss/articles/CBMiQWh0dHBzOi8vZnJvbnRvZmZpY2VzcG9ydHMuY29tL3RvbS1icmFkeS1mb3gtc3BvcnRzLXN1cGVyLWJvd2wtNTcv0gEA?oc=5
Buccaneers QB Tom Brady considering all options as a would-be free agent in 2023 - NFL.com,https://news.google.com/rss/articles/CBMiaWh0dHBzOi8vd3d3Lm5mbC5jb20vbmV3cy9idWNjYW5lZXJzLXFiLXRvbS1icmFkeS1jb25zaWRlcmluZy1hbGwtb3B0aW9ucy1hcy1hLXdvdWxkLWJlLWZyZWUtYWdlbnQtaW4tMjAyM9IBaWh0dHBzOi8vd3d3Lm5mbC5jb20vX2FtcC9idWNjYW5lZXJzLXFiLXRvbS1icmFkeS1jb25zaWRlcmluZy1hbGwtb3B0aW9ucy1hcy1hLXdvdWxkLWJlLWZyZWUtYWdlbnQtaW4tMjAyMw?oc=5
"Tom Brady hits 100K passing yards, leads Bucs to last-minute win - ESPN",https://news.google.com/rss/articles/CBMiY2h0dHBzOi8vd3d3LmVzcG4uY29tL25mbC9zdG9yeS9fL2lkLzM0OTY3ODg0L3RvbS1icmFkeS1maXJzdC1uZmwtaGlzdG9yeS1yZWFjaC0xMDAwMDAtcGFzc2luZy15YXJkc9IBcGh0dHBzOi8vd3d3LmVzcG4uY29tL25mbC9zdG9yeS9fL2lkLzM0OTY3ODg0L3RvbS1icmFkeS1maXJzdC1uZmwtaGlzdG9yeS1yZWFjaC0xMDAwMDAtcGFzc2luZy15YXJkcz9wbGF0Zm9ybT1hbXA?oc=5
Tom Brady hints at retirement as Gisele Bündchen says she has 'concerns' about him playing - CNN,https://news.google.com/rss/articles/CBMiVmh0dHBzOi8vd3d3LmNubi5jb20vMjAyMi8wOS8xNC9zcG9ydC90b20tYnJhZHktaGludC1yZXRpcmVtZW50LW5mbC1zcHQtaW50bC9pbmRleC5odG1s0gFaaHR0cHM6Ly9hbXAuY25uLmNvbS9jbm4vMjAyMi8wOS8xNC9zcG9ydC90b20tYnJhZHktaGludC1yZXRpcmVtZW50LW5mbC1zcHQtaW50bC9pbmRleC5odG1s?oc=5
"8,292 days: Buccaneers QB Tom Brady has spent half of his life playing in NFL - NFL.com",https://news.google.com/rss/articles/CBMiZWh0dHBzOi8vd3d3Lm5mbC5jb20vbmV3cy84LTI5Mi1kYXlzLWJ1Y2NhbmVlcnMtcWItdG9tLWJyYWR5LWhhcy1zcGVudC1oYWxmLW9mLWhpcy1saWZlLXBsYXlpbmctaW4tbmZs0gFlaHR0cHM6Ly93d3cubmZsLmNvbS9fYW1wLzgtMjkyLWRheXMtYnVjY2FuZWVycy1xYi10b20tYnJhZHktaGFzLXNwZW50LWhhbGYtb2YtaGlzLWxpZmUtcGxheWluZy1pbi1uZmw?oc=5
This Tom Brady stat defies logic given Buccaneers season so far - The Pewter Plank,https://news.google.com/rss/articles/CBMiTWh0dHBzOi8vdGhlcGV3dGVycGxhbmsuY29tLzIwMjIvMTAvMzEvdG9tLWJyYWR5LXN0YXQtZGVmaWVzLWxvZ2ljLWJ1Y2NhbmVlcnMv0gFRaHR0cHM6Ly90aGVwZXd0ZXJwbGFuay5jb20vMjAyMi8xMC8zMS90b20tYnJhZHktc3RhdC1kZWZpZXMtbG9naWMtYnVjY2FuZWVycy9hbXAv?oc=5
"Gisele Bündchen and Tom Brady are 'living separately,' source tells CNN - CNN",https://news.google.com/rss/articles/CBMiUWh0dHBzOi8vd3d3LmNubi5jb20vMjAyMi8wOS8xNC9lbnRlcnRhaW5tZW50L3RvbS1icmFkeS1naXNlbGUtYnVuZGNoZW4vaW5kZXguaHRtbNIBVWh0dHBzOi8vYW1wLmNubi5jb20vY25uLzIwMjIvMDkvMTQvZW50ZXJ0YWlubWVudC90b20tYnJhZHktZ2lzZWxlLWJ1bmRjaGVuL2luZGV4Lmh0bWw?oc=5
Tom Brady has interesting answer to question on football future - The Pewter Plank,https://news.google.com/rss/articles/CBMiTGh0dHBzOi8vdGhlcGV3dGVycGxhbmsuY29tLzIwMjIvMTAvMjAvdG9tLWJyYWR5LWludGVyZXN0aW5nLWZvb3RiYWxsLWZ1dHVyZS_SAVBodHRwczovL3RoZXBld3RlcnBsYW5rLmNvbS8yMDIyLzEwLzIwL3RvbS1icmFkeS1pbnRlcmVzdGluZy1mb290YmFsbC1mdXR1cmUvYW1wLw?oc=5
Tom Brady taking leave of absence from Tampa Bay Buccaneers to 'deal with personal things' - CNN,https://news.google.com/rss/articles/CBMiWWh0dHBzOi8vd3d3LmNubi5jb20vMjAyMi8wOC8xMi9zcG9ydC90b20tYnJhZHktYWJzZW5jZS10YW1wYS1iYXktYnVjcy1zcHQtaW50bC9pbmRleC5odG1s0gFdaHR0cHM6Ly9hbXAuY25uLmNvbS9jbm4vMjAyMi8wOC8xMi9zcG9ydC90b20tYnJhZHktYWJzZW5jZS10YW1wYS1iYXktYnVjcy1zcHQtaW50bC9pbmRleC5odG1s?oc=5
Tom Brady is putting his money into ... pickleball - CNN,https://news.google.com/rss/articles/CBMiTWh0dHBzOi8vd3d3LmNubi5jb20vMjAyMi8xMC8xMy9zcG9ydC90b20tYnJhZHktcGlja2xlYmFsbC1pbnRsLXNwdC9pbmRleC5odG1s0gFRaHR0cHM6Ly9hbXAuY25uLmNvbS9jbm4vMjAyMi8xMC8xMy9zcG9ydC90b20tYnJhZHktcGlja2xlYmFsbC1pbnRsLXNwdC9pbmRleC5odG1s?oc=5
"In avocado ice cream how-to, Tom Brady pretends to cut off a finger and takes a shot at the Atlanta Falcons - ESPN",https://news.google.com/rss/articles/CBMifmh0dHBzOi8vd3d3LmVzcG4uY29tL25mbC9zdG9yeS9fL2lkLzM0NjUxMTA0L2luLWF2b2NhZG8taWNlLWNyZWFtLWhvdy10b20tYnJhZHktcHJldGVuZHMtY3V0LWZpbmdlci10YWtlcy1zaG90LWF0bGFudGEtZmFsY29uc9IBiwFodHRwczovL3d3dy5lc3BuLmNvbS9uZmwvc3RvcnkvXy9pZC8zNDY1MTEwNC9pbi1hdm9jYWRvLWljZS1jcmVhbS1ob3ctdG9tLWJyYWR5LXByZXRlbmRzLWN1dC1maW5nZXItdGFrZXMtc2hvdC1hdGxhbnRhLWZhbGNvbnM_cGxhdGZvcm09YW1w?oc=5
Tom Brady's 23rd NFL campaign may be his most mysterious after a bizarre offseason - Yahoo Sports,https://news.google.com/rss/articles/CBMieWh0dHBzOi8vc3BvcnRzLnlhaG9vLmNvbS90b20tYnJhZHlzLTIzcmQtbmZsLWNhbXBhaWduLW1heS1iZS1oaXMtbW9zdC1teXN0ZXJpb3VzLWFmdGVyLWEtYml6YXJyZS1vZmZzZWFzb24tMTkxNzIxMTIzLmh0bWzSAYEBaHR0cHM6Ly9zcG9ydHMueWFob28uY29tL2FtcGh0bWwvdG9tLWJyYWR5cy0yM3JkLW5mbC1jYW1wYWlnbi1tYXktYmUtaGlzLW1vc3QtbXlzdGVyaW91cy1hZnRlci1hLWJpemFycmUtb2Zmc2Vhc29uLTE5MTcyMTEyMy5odG1s?oc=5
Buccaneers QB Tom Brady almost retired at this age due to elbow pain - NBC Sports Boston,https://news.google.com/rss/articles/CBMiWmh0dHBzOi8vd3d3Lm5iY3Nwb3J0cy5jb20vYm9zdG9uL2J1Y2NhbmVlcnMtcWItdG9tLWJyYWR5LWFsbW9zdC1yZXRpcmVkLWFnZS1kdWUtZWxib3ctcGFpbtIBXmh0dHBzOi8vd3d3Lm5iY3Nwb3J0cy5jb20vYm9zdG9uL2J1Y2NhbmVlcnMtcWItdG9tLWJyYWR5LWFsbW9zdC1yZXRpcmVkLWFnZS1kdWUtZWxib3ctcGFpbj9hbXA?oc=5
"Tom Brady, Gisele Bundchen announce divorce after 13 years - ESPN",https://news.google.com/rss/articles/CBMiYGh0dHBzOi8vd3d3LmVzcG4uY29tL25mbC9zdG9yeS9fL2lkLzM0ODk2MDQ3L3RvbS1icmFkeS1naXNlbGUtYnVuZGNoZW4tYW5ub3VuY2UtZGl2b3JjZS0xMy15ZWFyc9IBbWh0dHBzOi8vd3d3LmVzcG4uY29tL25mbC9zdG9yeS9fL2lkLzM0ODk2MDQ3L3RvbS1icmFkeS1naXNlbGUtYnVuZGNoZW4tYW5ub3VuY2UtZGl2b3JjZS0xMy15ZWFycz9wbGF0Zm9ybT1hbXA?oc=5
Report: Tom Brady will take Wednesdays off from Bucs in unique setup - NBC Sports Boston,https://news.google.com/rss/articles/CBMiWGh0dHBzOi8vd3d3Lm5iY3Nwb3J0cy5jb20vYm9zdG9uL3JlcG9ydC10b20tYnJhZHktd2lsbC10YWtlLXdlZG5lc2RheXMtYnVjcy11bmlxdWUtc2V0dXDSAVxodHRwczovL3d3dy5uYmNzcG9ydHMuY29tL2Jvc3Rvbi9yZXBvcnQtdG9tLWJyYWR5LXdpbGwtdGFrZS13ZWRuZXNkYXlzLWJ1Y3MtdW5pcXVlLXNldHVwP2FtcA?oc=5
Buccaneers QB Tom Brady stat that boggles the mind - The Pewter Plank,https://news.google.com/rss/articles/CBMiQ2h0dHBzOi8vdGhlcGV3dGVycGxhbmsuY29tLzIwMjIvMTAvMTEvYnVjY2FuZWVycy10b20tYnJhZHktYm9nZ2xlcy_SAUdodHRwczovL3RoZXBld3RlcnBsYW5rLmNvbS8yMDIyLzEwLzExL2J1Y2NhbmVlcnMtdG9tLWJyYWR5LWJvZ2dsZXMvYW1wLw?oc=5
Tom Brady opens up about his divorce from Gisele - CNN,https://news.google.com/rss/articles/CBMiXmh0dHBzOi8vd3d3LmNubi5jb20vMjAyMi8xMS8wMS9zcG9ydC90b20tYnJhZHktZ2lzZWxlLWRpdm9yY2Utb3Blbi11cC1pbnRsLXNwdC1zY2xpL2luZGV4Lmh0bWzSAWJodHRwczovL2FtcC5jbm4uY29tL2Nubi8yMDIyLzExLzAxL3Nwb3J0L3RvbS1icmFkeS1naXNlbGUtZGl2b3JjZS1vcGVuLXVwLWludGwtc3B0LXNjbGkvaW5kZXguaHRtbA?oc=5
Tom Brady Says Lamar Jackson Has a 'Great Future' and More ... - BaltimoreRavens.com,https://news.google.com/rss/articles/CBMiYGh0dHBzOi8vd3d3LmJhbHRpbW9yZXJhdmVucy5jb20vbmV3cy90b20tYnJhZHktbGFtYXItamFja3Nvbi1ncmVhdC1mdXR1cmUteW91cmUtbmV4dC1jb21wbGltZW50c9IBAA?oc=5
"'As you get older, life changes quite a bit': Tom Brady reflects on how his life is evolving - CNN",https://news.google.com/rss/articles/CBMiVGh0dHBzOi8vd3d3LmNubi5jb20vMjAyMi8wOS8wNy9zcG9ydC90b20tYnJhZHktbGlmZS1ldm9sdmluZy1uZmwtc3B0LWludGwvaW5kZXguaHRtbNIBWGh0dHBzOi8vYW1wLmNubi5jb20vY25uLzIwMjIvMDkvMDcvc3BvcnQvdG9tLWJyYWR5LWxpZmUtZXZvbHZpbmctbmZsLXNwdC1pbnRsL2luZGV4Lmh0bWw?oc=5
"Tom Brady reaches 100,000 total passing yards: What you don't know - ESPN",https://news.google.com/rss/articles/CBMib2h0dHBzOi8vd3d3LmVzcG4uY29tL25mbC9zdG9yeS9fL2lkLzM0OTI1NzkzL2h0dHBzLXd3dy1uZmwtc3RvcnktaWQtMzQ5MjU3OTMtdG9tLWJyYWR5LW5lYXJzLTEwMGstcGFzc2luZy15YXJkc9IBfGh0dHBzOi8vd3d3LmVzcG4uY29tL25mbC9zdG9yeS9fL2lkLzM0OTI1NzkzL2h0dHBzLXd3dy1uZmwtc3RvcnktaWQtMzQ5MjU3OTMtdG9tLWJyYWR5LW5lYXJzLTEwMGstcGFzc2luZy15YXJkcz9wbGF0Zm9ybT1hbXA?oc=5
Tom Brady's dad's biggest fear is coming true: 'The kid won't stop playing' - New York Post ,https://news.google.com/rss/articles/CBMiVWh0dHBzOi8vbnlwb3N0LmNvbS8yMDIyLzEyLzE0L3RvbS1icmFkeXMtZGFkcy1mZWFyLWNvbWluZy10cnVlLWtpZC13b250LXN0b3AtcGxheWluZy_SAVlodHRwczovL255cG9zdC5jb20vMjAyMi8xMi8xNC90b20tYnJhZHlzLWRhZHMtZmVhci1jb21pbmctdHJ1ZS1raWQtd29udC1zdG9wLXBsYXlpbmcvYW1wLw?oc=5
"Tom Brady, Bucs hit new low with rough loss to Carolina - NBC Sports Boston",https://news.google.com/rss/articles/CBMiYGh0dHBzOi8vd3d3Lm5iY3Nwb3J0cy5jb20vYm9zdG9uL2hvdy10b20tYnJhZHktZmFyZWQtYnVjY2FuZWVycy13ZWVrLTctbG9zcy1oaWdobGlnaHRzLWFuZC1zdGF0c9IBAA?oc=5
Why Tom Brady came back after retiring from the Bucs this offseason - SB Nation,https://news.google.com/rss/articles/CBMiZWh0dHBzOi8vd3d3LnNibmF0aW9uLmNvbS9uZmwvMjAyMi8xMC8xLzIzMzc0Njk5L3RvbS1icmFkeS1yZXRpcmVtZW50LXVucmV0aXJlLXRhbXBhLWJheS1idWNzLXRoZW9yaWVz0gFyaHR0cHM6Ly93d3cuc2JuYXRpb24uY29tL3BsYXRmb3JtL2FtcC9uZmwvMjAyMi8xMC8xLzIzMzc0Njk5L3RvbS1icmFkeS1yZXRpcmVtZW50LXVucmV0aXJlLXRhbXBhLWJheS1idWNzLXRoZW9yaWVz?oc=5
"Tom Brady could play in 2023, 'all options' are reportedly on the table for possible age 46 season - Yahoo Sports",https://news.google.com/rss/articles/CBMihwFodHRwczovL3Nwb3J0cy55YWhvby5jb20vdG9tLWJyYWR5LWNvdWxkLXBsYXktaW4tMjAyMy1hbGwtb3B0aW9ucy1hcmUtcmVwb3J0ZWRseS1vbi10aGUtdGFibGUtZm9yLXBvc3NpYmxlLWFnZS00Ni1zZWFzb24tMTY1MDQwMDI2Lmh0bWzSAY8BaHR0cHM6Ly9zcG9ydHMueWFob28uY29tL2FtcGh0bWwvdG9tLWJyYWR5LWNvdWxkLXBsYXktaW4tMjAyMy1hbGwtb3B0aW9ucy1hcmUtcmVwb3J0ZWRseS1vbi10aGUtdGFibGUtZm9yLXBvc3NpYmxlLWFnZS00Ni1zZWFzb24tMTY1MDQwMDI2Lmh0bWw?oc=5
Tom Brady on first 3-game losing streak in 20 years after Buccaneers fall to Ravens - Yahoo Sports,https://news.google.com/rss/articles/CBMie2h0dHBzOi8vc3BvcnRzLnlhaG9vLmNvbS90b20tYnJhZHktb24tZmlyc3QtMy1nYW1lLWxvc2luZy1zdHJlYWstaW4tMjAteWVhcnMtYWZ0ZXItYnVjY2FuZWVycy1mYWxsLXRvLXJhdmVucy0wMzIzNDY0NzUuaHRtbNIBgwFodHRwczovL3Nwb3J0cy55YWhvby5jb20vYW1waHRtbC90b20tYnJhZHktb24tZmlyc3QtMy1nYW1lLWxvc2luZy1zdHJlYWstaW4tMjAteWVhcnMtYWZ0ZXItYnVjY2FuZWVycy1mYWxsLXRvLXJhdmVucy0wMzIzNDY0NzUuaHRtbA?oc=5
"Falcons lineman 'unnecessarily' threw Tom Brady to ground, ref says - ESPN",https://news.google.com/rss/articles/CBMiamh0dHBzOi8vd3d3LmVzcG4uY29tL25mbC9zdG9yeS9fL2lkLzM0NzYzNjgxL2ZhbGNvbnMtbGluZW1hbi11bm5lY2Vzc2FyaWx5LXRocmV3LXRvbS1icmFkeS1ncm91bmQtcmVmLXNheXPSAXdodHRwczovL3d3dy5lc3BuLmNvbS9uZmwvc3RvcnkvXy9pZC8zNDc2MzY4MS9mYWxjb25zLWxpbmVtYW4tdW5uZWNlc3NhcmlseS10aHJldy10b20tYnJhZHktZ3JvdW5kLXJlZi1zYXlzP3BsYXRmb3JtPWFtcA?oc=5
